1,0,0.1,1.40334821065683,0.6796
2,0,-0.49,0.937602370180162,0.623
3,0,-0.78,0.703859831202549,0.5663
4,0,-3.29,0.72086559963293,0.5097
5,4.42,-4.8,0.281331129072638,0.4814
6,0,-5.745,0.86592147121946,0.4814
7,0,-3.005,0.985014473321764,0.4531
8,0,-2.12,0.954218812706238,0.4531
9,0,-4.385,0.653103799009785,0.4248
10,3.15,-6.755,0.653893392374428,0.3964
11,0,-2.995,1.29467757966129,0.4531
12,4,0.165,0.967388068655006,0.4814
13,0,-3.94,0.981397757269181,0.3964
14,3.67,-1.48,0.702982259974781,0.6796
15,12.97,2.475,0.647303479661064,0.7079
16,0,2.265,1.6285578362612,0.5947
17,0,2.345,1.2773421151382,0.5663
18,0,2.38,0.506890477148276,0.5947
19,0,2.42,0.342773487620483,0.5663
20,0,0.54,0.798873596112581,0.5097
21,0,-0.575,1.07256636271605,0.4814
22,0,-0.54,1.00029581338853,0.4531
23,0,-0.00499999999999989,0.753515681509243,0.4248
24,0,-5.945,0.963121331224757,0.4248
25,1,-6.475,0.557621817334359,0.4248
26,0,-3.455,0.871313323901445,0.3681
27,0,-4.705,0.974398616584069,0.3681
28,0,-3.485,0.811033494178765,0.3398
29,0,-4.365,0.724607698916735,0.3398
30,0,-6.775,0.692827664035345,0.3115
31,0,-7.63,0.587772398560007,0.3115
32,2.25,-7.925,0.633315302940012,0.2832
33,0,-7.665,0.664352748529212,0.2832
34,0,-8.25,0.717895913075082,0.2832
35,0,-5.49,0.819930085422759,0.2747
36,0,-5.505,1.02682063833434,0.2747
37,0,-5.555,0.926667409561551,0.2718
38,1.51,-5.23,0.840598286341234,0.2718
39,0,-3.365,1.32019045833783,0.269
40,0,-3.325,1.31847846161891,0.2662
41,0,-4.5,1.21344770548891,0.2633
42,0,-4.41,1.21887768094967,0.2633
43,0,-3.965,1.21921837677812,0.2605
44,0,-5.02,1.38735690098768,0.2577
45,0,-2.41,1.73468751096018,0.2549
46,0,-0.125,1.61587375465967,0.2633
47,6.48,-1.92,0.655529561930188,0.2747
48,0,-5.115,1.28903885806767,0.2577
49,0,-7.795,0.950022077219345,0.2407
50,0,-3.625,1.83132613360443,0.2435
51,0,0.114999999999999,2.79201889872875,0.2407
52,3.61,4.01,2.16003571290892,0.2407
53,8.02,5.1,1.5624306021736,0.3398
54,5.06,3.75,0.763524185960116,0.3681
55,0.99,5.1,1.07634401943943,0.3398
56,0,3.39,1.67233930992614,0.3115
57,0,-0.97,1.55243794567845,0.2775
58,0,-3.905,0.590549882876416,0.2577
59,0,-4.235,0.8145608665742,0.2464
60,1.25,-9.53,0.844968293049023,0.2435
61,0,-10.91,0.579766371721572,0.2294
62,1.17,-10.965,0.659371739300031,0.2237
63,0,-7.68,1.1497336134358,0.2209
64,0,-2.34,2.25017043732635,0.2322
65,3,2.395,2.0550086291406,0.2718
66,1.49,2.14,1.88179168121143,0.2605
67,0,3,1.98221870910255,0.2605
68,4.27,7.865,2.40894043307262,0.538
69,6.22,7.69,2.21780837137716,0.5097
70,0,3.27,2.47457995274574,0.3964
71,0,2.73,3.09276928169158,0.3681
72,0,-4.13,1.28789788839663,0.3115
73,0,-3.61,1.12858084335824,0.3115
74,20.39,-2.565,0.706307450704531,0.3398
75,0,0.76,1.26152470946541,0.3398
76,0,1.39,2.57060869855477,0.4248
77,0,4.29,2.79530560464889,0.9061
78,17.29,6.46,2.04323117697263,1.4725
79,0,3.16,2.60296763204096,0.9345
80,0,5.945,3.09188380715517,0.7929
81,15.89,7.29,1.99467326269606,9.741
82,28.19,5.23,2.37647765081467,4.1059
83,0,1.12,1.54324498132496,2.0954
84,0,4.765,2.69846256703483,1.6141
85,6.64,5.205,0.784654377315214,1.4442
86,0,3.335,1.60535783078445,1.1327
87,0,3.005,2.45984956229846,0.9345
88,0,6.02,3.01607501683608,0.8212
89,17.82,6.52,1.23164670486141,1.8972
90,6.06,7.895,0.907534436296746,1.4158
91,9.61,7.46,1.37340212133091,2.3786
92,14.55,4.29,1.10337297135825,2.3786
93,0,8.13,2.78557196921763,1.784
94,0,8.335,3.77327995695765,1.4158
95,7.99,10.455,2.8830243623884,1.5008
96,0,9.785,3.83400333512121,1.1327
97,0,9.405,3.69270865824654,0.9628
98,0,10.89,4.33803636865212,0.8495
99,0,12.475,3.48514709987756,0.9061
100,38.91,14.2,2.12278337346911,7.1358
101,9.91,11.67,3.08939545352872,3.0582
102,0,8.265,3.7005522344896,2.0388
103,0,11.325,3.71486619324805,1.6141
104,3.97,10.24,2.80894515036722,1.3592
105,18.04,9.965,2.17884355150584,3.5396
106,18.15,9.72,2.09245592207917,3.5679
107,0,5.645,1.90801169129832,2.1804
108,0,2.18,2.56911963012372,1.6424
109,0,7.705,4.26540049149585,1.3875
110,0,10.78,4.99169097185976,1.2176
111,0,13.54,5.42993370138651,1.0477
112,0,14.51,5.58389606168819,0.9345
113,0,12.665,5.52370851697754,0.8212
114,0,13.615,5.66311816277656,0.7646
115,0,13.62,5.11451656848523,0.7079
116,3.67,13.78,2.76839582360414,0.6513
117,0,9.615,2.98726299878236,0.623
118,8.49,9.235,1.14126067168075,0.8212
119,12.2,9.005,0.367551889583707,1.1327
120,15.27,10,0.99452998241002,1.784
121,5,11.06,1.38762906788476,1.6707
122,6.97,12.01,1.41162840319407,1.4158
123,0,14.56,4.16741756498914,1.2176
124,4.48,15.765,4.06491613209661,1.1044
125,0,17.68,5.64633615501235,0.9061
126,0,18.265,6.36383633142068,0.7929
127,0,19.57,6.54459135433883,0.7362
128,0,16.29,6.31826993293883,0.6796
129,0,12.175,4.42235300119923,0.623
130,0,8.145,3.54190459932855,0.5663
131,0,9.01,4.37626395079131,0.538
132,2,13.885,4.78775683938468,0.5663
133,15.99,16.595,2.05071709555434,1.8689
134,25.72,19.755,2.63099424030982,2.3786
135,5.04,18.31,3.30675126651113,1.5857
136,0,11.73,4.16984802587626,1.1044
137,0,11.655,4.71911692774564,0.9345
138,0,13.795,4.36584343842721,0.8212
139,8.47,15,2.50606343995182,0.8212
140,3.87,17.605,2.06838938338552,0.7079
141,4,17.875,2.67997688241529,0.6513
142,15.79,17.695,2.26185427649641,1.2176
143,9.29,17.79,3.5337822683679,0.7079
144,0,20.68,6.14575989136521,0.623
145,0,21.87,5.26331400405408,0.5947
146,0,20.35,4.86260125662919,0.5663
147,0,16.595,6.48801352461909,0.4814
148,0,14.815,5.42191596760603,0.4531
149,0,16.35,5.48059887147914,0.4248
150,0,19.15,5.37892764352628,0.4248
151,0,20.495,4.52050755944304,0.3964
152,8.37,22.065,2.73027544315718,0.4248
153,3.49,21.325,4.03942822770656,0.4248
154,4.28,22.595,2.91705018141759,0.4531
155,8.59,22.085,2.25359293376661,0.4814
156,7,19.515,3.86608721522741,0.3964
157,0,16.505,5.0528887926588,0.3115
158,0.55,16.87,4.5805208771966,0.3115
159,5.55,19.25,3.29779900381039,0.3115
160,14.83,22.2,4.33001934747702,0.3964
161,8.32,14.56,3.90850746596243,0.3398
162,7.5,13.5,2.93112907478915,0.3681
163,0,10.475,4.27387111966078,0.2832
164,0,12.575,4.62184729702202,0.2803
165,0,15.35,5.61890366977237,0.2633
166,0,17.85,6.33585533923178,0.2464
167,0,20.695,5.7999560927896,0.2633
168,11.25,18.45,3.82398997591635,0.3115
169,0,13.46,4.31238875223101,0.2379
170,0,15.865,5.12169285894797,0.2322
171,0,17.695,5.17953220706975,0.2237
172,2.98,18.335,3.53688208350706,0.2237
173,0,17.135,3.31698150081951,0.2095
174,0,18.885,5.46007170561808,0.2039
175,0,20.35,5.94347853710933,0.1954
176,0,22,5.65046591834439,0.1954
177,0,22.4,5.41241102311852,0.1897
178,0,22.48,5.9032564177529,0.1841
179,0,24.27,5.45641506219766,0.1841
180,0,23.74,6.1727424775146,0.1699
181,6.26,24.17,3.34098333607177,0.1897
182,11.47,22.165,3.06692815877591,0.2039
183,0,19.04,4.47348019290011,0.1642
184,0,21.905,4.68824687225857,0.1642
185,0,23.615,4.05471772980655,0.2039
186,1.88,21.985,3.95276628978466,0.218
187,0,23.565,5.21157889069999,0.1642
188,0.02,22.655,4.61437312541593,0.1586
189,0,17.925,5.92948215347361,0.1529
190,8.51,19.55,3.67097679988512,0.1954
191,8.28,19.405,3.05386819682489,0.1642
192,0,22.47,5.03532780959014,0.1529
193,0,22.825,5.55576383181915,0.1472
194,0,24.025,5.10340572668081,0.1416
195,0,21.2,5.96972455512696,0.1416
196,0,21.7,6.23629201121196,0.1416
197,0,23.84,6.26954746508041,0.1416
198,0,26.57,5.38084424918573,0.2633
199,18.48,26.675,4.41896219410547,0.3681
200,6.5,25.18,3.70514420826406,0.1699
201,0,24.82,5.07128831838047,0.1529
202,0,26.62,5.86036679218028,0.1472
203,0,27.98,6.20320493994191,0.1472
204,3.77,27.08,4.01018999443076,0.1416
205,15.02,23.855,2.92972378139091,0.1642
206,0,21.555,4.27111215248845,0.1472
207,0,21.67,5.52911145201255,0.1359
208,0,22.765,5.69306501285025,0.1359
209,0,24.025,5.17437719476108,0.1388
210,0,24.055,3.88619820920335,0.1472
211,8.55,23.57,1.90792615645599,0.2095
212,0,22.785,4.49204001675476,0.1529
213,0,22.74,4.96255841392457,0.1416
214,0,24,4.73947012942504,0.1416
215,0,24.785,4.4897987474731,0.1388
216,3.98,24.71,3.56652903777021,0.1472
217,0,24.875,4.21894082413809,0.1388
218,0,25.515,4.37327728741137,0.1303
219,0,26.415,4.69651430726756,0.1303
220,0,24.98,4.79196169103559,0.1246
221,0,26.405,5.17828864906879,0.1246
222,2.17,27.065,4.55770994689472,0.1303
223,0,25.27,4.96384686755679,0.2095
224,18.48,25.08,3.06150384276735,0.2633
225,20.37,24.665,3.09255390298976,0.2832
226,0,21.245,4.63916355005286,0.1472
227,0,21.625,4.73337241110459,0.1416
228,7.28,22.315,2.80810071137052,0.1472
229,5.27,18.765,2.65555694030909,0.1359
230,0,18.13,4.08750009261129,0.1303
231,2.96,18.59,2.80590080210342,0.1359
232,0,18.77,1.83402309040774,0.1388
233,0,22.565,4.41560080702341,0.1359
234,0,22.175,3.63399622272658,0.1303
235,0,18.985,4.09341689604605,0.1303
236,0,20.76,3.77846903525796,0.1303
237,0,22.215,4.9413319839259,0.1246
238,0,22.9,5.57696399916268,0.1246
239,0,23.52,5.69656239259265,0.1246
240,0,23.915,5.48014870273821,0.1218
241,0,24.575,5.16087316971974,0.1161
242,0,24.85,5.01150334628506,0.1133
243,0,25.085,4.80007818827689,0.1133
244,6.28,24.975,3.49811948745228,0.1189
245,0,25.15,4.51110128185168,0.1218
246,0,26.3,4.95811049689998,0.1274
247,11.75,23.705,4.1613065577736,0.1416
248,0,21.035,5.06877067241805,0.1133
249,9.65,22.235,3.40473381267729,0.1303
250,0,22.465,4.5144603822042,0.1161
251,0,21.655,4.77053456611289,0.1104
252,0,19.07,4.75163951085509,0.1076
253,0,19.83,5.07094033914977,0.1076
254,4.34,19.785,3.20412067256183,0.1048
255,0,15.675,4.8790818143361,0.0991
256,0,18.255,5.50387027093772,0.0991
257,0,20.9,5.33481718571455,0.0963
258,0,22.23,4.74563148445573,0.1048
259,0.71,20.455,3.45744983051475,0.1048
260,0,14.18,3.09114836594945,0.1019
261,0,17.575,2.65821585884059,0.1048
262,6.11,19.91,2.63828506261708,0.0991
263,0,16.64,4.28562726191082,0.0963
264,0,18.22,4.58233918484427,0.0963
265,0,20.255,4.1148106187914,0.0963
266,0,24.22,3.5022924473401,0.0963
267,0,23.89,3.58344295579614,0.0963
268,0,17.055,3.67838172259979,0.0934
269,5.51,16.52,1.67999014751325,0.0991
270,4.6,14.775,1.12803020700288,0.0906
271,0,10.64,3.37446468748606,0.0906
272,0,12.25,3.56108563079133,0.0906
273,0,14.69,3.95384717594202,0.0906
274,0,15.985,3.14759851422652,0.0906
275,0,15.4,3.69183313980773,0.0934
276,0,16.6,3.50264524372534,0.0934
277,5.16,13.7,2.04803495906779,0.0991
278,7.48,11.515,1.62400869436486,0.0963
279,0,8.37,2.19048600201042,0.0934
280,0,7.965,2.61442205090601,0.0878
281,2,9.45,2.7241024718599,0.0934
282,0,11.045,3.29812870134261,0.0963
283,0,13.61,3.75596920777957,0.1104
284,0,13.12,3.74816679196809,0.1104
285,1.3,9.515,1.07773460659606,0.1161
286,0,12.18,2.6552235581155,0.1104
287,0,7.63,1.29790169042224,0.1104
288,0,7.19,1.48620886443803,0.1104
289,0,9.465,2.03183104329712,0.1161
290,0,12.49,3.25765593169902,0.1161
291,0,14.795,3.92928164026882,0.1161
292,0,16.33,3.18878363642255,0.1218
293,4.52,14.02,1.55022121996005,0.1218
294,0,11.02,2.56562429353223,0.1218
295,0,9.6,1.60342639192719,0.1218
296,0,9.905,2.68070522280438,0.1218
297,0,6.16,2.56424445710398,0.1218
298,0,5.5,1.92949545769013,0.1218
299,12.54,6.55,1.223116293911,0.6796
300,41.37,5.875,0.69768400069363,0.2095
301,0,5.39,0.882919900183828,0.1416
302,3.06,6.78,0.863236599795462,0.1303
303,0,5.2,1.28374976537536,0.1246
304,0,3.365,1.68057692294699,0.1218
305,0,5,2.1130279961359,0.1218
306,0,7.435,1.91956727398738,0.1218
307,0,5.965,1.29627756327414,0.1218
308,0,3.15,1.80222894890379,0.1218
309,0,6.145,1.93869839340377,0.1246
310,0.72,8.095,1.43936326596612,0.1218
311,0,4.75,1.77332377596895,0.1218
312,0,7.1,2.03087542144985,0.1218
313,2.34,10.025,2.05364482056381,0.1246
314,0,7.12,2.02697711015354,0.1416
315,8.43,6.315,1.06103953688915,0.1303
316,0,2.555,0.724465643214093,0.1246
317,0,2.945,0.715401135442665,0.1218
318,0,4.37,1.44563796444076,0.1246
319,0,7.25,2.10266686989843,0.1246
320,0,8.835,1.63109360276339,0.1246
321,5.09,2.4,0.618378102596592,0.1218
322,0,-1.345,0.974082876615515,0.1303
323,27.87,-2.25,0.274631011030974,0.1699
324,0,-0.22,0.439955764158629,0.1416
325,0,-0.54,0.865505926183398,0.1416
326,0,-0.255,1.300189735679,0.1359
327,0,1.76,1.15776942987617,0.1529
328,0,1.47,1.13121153953756,0.1472
329,14.98,2.175,0.46617715458776,0.9628
330,20.1,3.29,0.361943097688773,0.4531
331,0,1.78,0.913623238306479,0.1954
332,0,0.735,0.572675870109913,0.1699
333,5,0.47,0.132985194258555,0.2633
334,0.05,1.545,0.211259478541579,0.1954
335,0.39,3.355,0.611988880727464,0.1529
336,0,5.515,1.46658664988674,0.1472
337,0,6.305,1.69157099507604,0.1529
338,7,5.015,1.46364831413143,0.1897
339,0,-2.385,0.72620779629288,0.1416
340,0,-2.54,0.881672768400855,0.1359
341,0,-0.56,1.16095916912782,0.1359
342,0,3.63,1.4129873408439,0.1416
343,2.39,9.275,1.29163330617746,0.1359
344,0,10.98,1.871287602072,0.1359
345,6,4.125,0.385525774382707,0.1472
346,0,-0.465,0.679682489504204,0.1303
347,0,-1.3,0.412099002236975,0.1303
348,0,2.74,1.11336388837191,0.1303
349,0,0.28,1.21949643217951,0.1218
350,0,-4.945,0.817202417964772,0.1218
351,6.78,-4.32,0.319505291163518,0.1246
352,0,-4.21,0.672187036183437,0.1218
353,0,-3.89,0.876395753133366,0.1218
354,0,-0.67,1.08849765863231,0.1246
355,0,-7.69,0.838801054693862,0.1104
356,0,-10.485,0.370295375079806,0.1104
357,0,-9.875,0.488303808176511,0.1104
358,0,-7.455,0.601357080210279,0.1104
359,0,-2.85,0.709288850329204,0.1161
360,4.58,-8.275,0.723297926462697,0.1104
361,0,-13.525,0.220115005308857,0.1076
362,0,-10.765,0.49560769739705,0.1076
363,0,-7.2,0.694650360082387,0.1104
364,0,-1.495,0.258601670521125,0.1161
365,0,0.47,0.405307607478904,0.1218
366,0,-0.515,0.327098275875304,0.1161
367,2.1,-6.325,0.306867967112893,0.1104
368,0.31,-4.13,0.448768634446786,0.1104
369,0,-6.375,0.621224871386727,0.1104
370,0,-10.37,0.664846980513909,0.1076
371,0,-12.205,0.216859278005278,0.0963
372,0,-8.87,0.50746758990294,0.0934
373,1.07,-6.425,0.698870763669822,0.0934
374,0,-9.05,0.691656247033482,0.0934
375,0,-12.605,0.385290209941438,0.0934
376,0,-10.605,0.382502844574805,0.0906
377,0,-11.705,0.337259608797256,0.0906
378,0,-14.65,0.230020936721414,0.0906
379,0,-14.19,0.27320953799133,0.0906
380,0,-10.73,0.530210402632146,0.0878
381,0.76,-5.3,0.572432107809703,0.0906
382,0,-3.245,0.566761330496135,0.0906
383,0,-4.66,0.802927138686162,0.0906
384,0,-6.775,0.490603381814013,0.0906
385,0,-2.495,0.789890149646765,0.0906
386,0,2.305,0.959824936994674,0.0934
387,0,0.5,1.02490976768975,0.0934
388,0,-0.83,1.09287738114613,0.0963
389,0,0.575,0.773122717263364,0.0991
390,0,0.82,0.302194284061503,0.1019
391,0,-1.005,1.26025393080357,0.1048
392,0,2.25,1.6817450963375,0.1161
393,0,4.3,1.27357080529701,0.1218
394,0,1.565,1.25363873993525,0.1218
395,0,-0.415,0.957030893650409,0.1104
396,0,-6.295,0.746622058282318,0.1076
397,0,-6.15,0.904362583469953,0.1019
398,0,-4.75,1.15723502424242,0.1076
399,30.15,-0.51,1.1586535588089,5.8333
400,10.27,-5.675,1.04195336480147,0.3964
401,0,-10.325,0.35128311953478,0.1699
402,0,-10.185,0.584894672050732,0.1303
403,0,-7.73,0.916247354032442,0.1161
404,0,-1.685,1.22157003242536,0.1104
405,0,-0.15,1.31432974685624,0.1048
406,6.39,-5.08,0.919744315715872,0.1076
407,0,-4.07,1.47297416623342,0.8212
408,32.21,2.5,2.25707051911671,17.9812
409,9.74,-2.18,2.12175205779294,0.9628
410,0,-9.975,0.727502872273405,0.538
411,0,-5,1.6051332790533,0.4248
412,0,-0.210000000000001,2.3703509141645,0.3398
413,0,2.755,2.75666482234369,0.3115
414,1,5.78,2.82609620760118,0.3398
415,0,9.515,2.60649122591612,0.3398
416,0,10.075,3.4060300008957,0.3964
417,27.64,8.99,1.30035915782242,4.2758
418,18.46,9.48,0.803320143046674,2.8883
419,0,9.37,0.852112038381343,1.6707
420,14.97,8.59,0.837468969333579,13.0257
421,40.46,4.9,1.33891375989129,6.3147
422,0,3.6,1.15675292782752,2.5485
423,0,3.36,0.467439584767187,1.5291
424,0,3.71,1.7404465879239,1.0477
425,0,5.325,2.5625604476495,0.8778
426,1,5.78,1.70734495127649,0.7362
427,0,3.555,0.93253849817273,0.6796
428,0,0.195,1.62209344784656,0.5947
429,0,-2.965,1.37007230665106,0.5097
430,10.02,-0.51,0.755379477338986,0.538
431,8.21,-0.555,0.456644844862919,0.5097
432,0,-1.215,1.20750615844578,0.4531
433,0,-0.00500000000000012,1.0508459796535,0.4531
434,0,2.355,0.934647375821525,0.5097
435,0,2.43,1.18430256566858,0.4814
436,0,1.91,1.48894513372901,0.4531
437,0,1.95,1.92005160086131,0.4531
438,0,5.16,2.97948597753724,0.4248
439,0,3.88,3.84470545474802,0.3964
440,0,1.29,1.9383414662272,0.3681
441,4.29,7.155,2.47074756042558,0.3964
442,0,-1.42,2.20884158537955,0.3681
443,0,-4.07,2.17834930276568,0.3398
444,0,-3.275,1.73421082297673,0.3115
445,0,-2.865,1.37446172348908,0.3115
446,2.42,-0.64,1.67190675558189,0.3115
447,0,0.43,2.67303368005268,0.2803
448,0,3.37,3.15711693247397,0.2718
449,0,3.985,3.16010740405751,0.2633
450,0,3.705,3.2159018726759,0.2549
451,0,3.765,3.97589135213897,0.2464
452,0,6.935,3.98003320779054,0.2464
453,0,6,4.05707228148741,0.2294
454,0,10.695,5.30671060451971,0.2294
455,0,14.465,4.61160113810858,0.2803
456,8.11,14.515,2.25931985030882,0.2718
457,0,13.51,4.9358698102656,0.2633
458,5,12.755,2.89158816138119,0.2633
459,0,12.25,5.040989924287,0.2294
460,3.11,17.39,3.93432174525141,0.2294
461,0.81,18.045,3.6880768674812,0.2464
462,4,9.01,2.42417423836627,0.2294
463,0,5.5,3.29999593692883,0.2152
464,0,10.865,4.50212928141165,0.2067
465,0,15.2,4.12140419587015,0.2237
466,0,10.495,4.37608697742516,0.2067
467,11,14.295,3.3310361996935,0.2294
468,13.19,15.56,2.86213449356438,0.5097
469,14,8.165,1.5544423105851,0.7362
470,9.17,7.75,1.1261688442736,1.1893
471,8.93,6.615,2.27653584694813,0.8778
472,0,5.53,3.74321613796251,0.7362
473,1.04,11.75,4.24845285846178,0.6796
474,0.74,14.79,3.26290292172868,0.5947
475,0,11.38,5.01111603714606,0.5097
476,0,9.45,2.40677343835862,0.4531
477,0,4.86,3.3244529980568,0.3964
478,0,6.325,3.56311419077108,0.3681
479,3.23,10.965,2.74283232875149,0.4814
480,9.92,11.54,1.60244184138707,0.4531
481,3.36,8.44,1.46161854542388,0.3681
482,0,7.96,2.02926394909631,0.3398
483,0,12.695,3.51961550146067,0.3115
484,0,15.115,4.71066519426232,0.3398
485,7.13,17.01,3.12877942730881,0.3964
486,4.72,14.57,3.2321676918299,0.3681
487,0,10.13,3.27460818826341,0.3398
488,3.92,10.71,2.30407314205064,0.3115
489,0,9.38,4.75483101334682,0.2832
490,0,12.895,5.80132636719834,0.2803
491,0,16.275,6.25948863194288,0.2718
492,0,15.83,4.46690196127011,0.2718
493,8.88,9.715,2.98644644470869,0.2549
494,0,9.74,4.72133299402157,0.2464
495,0,11.78,5.3177918910654,0.2379
496,0,13.915,4.49757304087513,0.2379
497,16.5,16.835,1.59350328696825,0.4814
498,17.77,14.59,1.92693037624755,0.9345
499,0,10.75,3.4799990017261,0.538
500,0,15.84,4.98198191991756,0.4531
501,0,18.275,4.17824756060575,0.5097
502,7.56,13.84,2.051375058157,0.4814
503,0,11.025,3.70182625061701,0.3681
504,0,13.33,4.49811508630083,0.3398
505,0,11.27,2.20913429124237,0.3115
506,0,11,4.0479394248544,0.2832
507,0,14.015,6.18830902937606,0.2633
508,0,17.565,6.32525713191885,0.2464
509,0,18.21,7.00009489132055,0.2294
510,0,18.67,6.6274554676004,0.2152
511,0,20.86,5.98622521190175,0.2067
512,2.52,21.89,4.61624104113799,0.2718
513,3.93,20.845,4.01635122251743,0.3115
514,8.91,20.35,2.27824598206665,0.4531
515,16.07,20.15,1.73672794876035,0.5097
516,0,20.595,3.75589311741658,0.3115
517,0,20.505,3.7976349118467,0.2803
518,3.35,15.415,4.0878553803254,0.2379
519,7.49,15.82,2.11961657512388,0.3398
520,3.04,15.855,1.02626008143343,0.3398
521,8.34,19.025,1.49428770879689,0.3681
522,0,20.32,4.88416263497736,0.3115
523,0,22.155,4.13264580726726,0.2718
524,0,19.705,4.90633616069935,0.2379
525,0,18.545,6.17988221948741,0.2237
526,8.05,20.88,3.6867111311942,0.2294
527,7.33,20.34,2.48744253010301,0.2464
528,6.07,18.5,2.51607261441058,0.2294
529,0,20.675,4.4565558731696,0.1926
530,0,22.325,4.35093803418609,0.1926
531,25.01,22.955,2.64716096625098,1.1044
532,19.62,23.53,3.10845301934736,1.1893
533,0,26.39,5.13644938538691,0.538
534,0,24.49,5.16302148191911,0.3964
535,0,19.035,5.33958362441318,0.3115
536,0,21.505,5.3108273394627,0.2633
537,19.4,22.525,2.76211814196309,0.3964
538,5.08,20.595,2.68946153441783,0.2803
539,0,22.76,4.10168467262291,0.2379
540,0,20.92,4.41832087702171,0.201
541,0,19.645,5.55763545080684,0.1727
542,0,21.975,5.59763994786141,0.2832
543,18.05,19.36,3.95631052587273,0.2633
544,0,16.1,4.8982977005839,0.1727
545,0,17.48,6.09991825479258,0.1557
546,0,19.52,6.35693267609618,0.1388
547,0,21.995,5.45922026921411,0.1331
548,0,22.135,4.75459852848197,0.1812
549,10.86,21.79,2.60651309395356,0.6796
550,4.25,21.88,1.61069173405838,0.2633
551,12.23,21.135,1.79021425737928,0.3398
552,7.06,20.37,1.94163538362452,0.3115
553,6.46,21.61,3.0434367528267,0.2549
554,0,23.54,5.19988922066365,0.201
555,0,25.235,6.01826140747161,0.1671
556,0,27.125,5.07298156532387,0.1557
557,0,26.79,4.71491125982765,0.1444
558,0,23.47,6.73917287755888,0.1331
559,0,24.235,6.22492470990383,0.1274
560,0,25.45,5.18453252589639,0.1274
561,0,24.345,4.20714466457495,0.1218
562,0,20.695,5.80951901898892,0.1189
563,0,20.815,4.57861669593939,0.1189
564,0,20.345,4.91173069087439,0.1218
565,0,22.525,6.19614718653622,0.1076
566,0,24.7,6.14250263497549,0.1076
567,6.72,26.18,3.29850967092491,0.1218
568,26.22,25.28,2.7391671381566,0.1331
569,7.52,22.085,3.36537521212935,0.1218
570,0,17.94,5.58904952046224,0.1076
571,0,18.05,4.57366313930969,0.1048
572,4.05,18.82,1.48732908453435,0.1133
573,0,20.715,1.64846181375374,0.1812
574,23.72,23.445,2.46029463117891,0.2379
575,0,21.675,4.27864407783435,0.1274
576,6.92,19.515,2.06070984689536,0.1331
577,0,17.305,5.11666654435435,0.1133
578,0,19.55,5.90674922976289,0.1048
579,0,20.365,5.8992462686604,0.1048
580,0,21.15,5.76135521433074,0.1048
581,10.61,22.23,3.52439608770686,0.1218
582,30.86,22.33,2.87218017972213,0.3681
583,0.05,23.035,3.71287237338414,0.2067
584,0,21.265,3.72343924311478,0.1274
585,0,20.455,4.12972762516319,0.1189
586,4.81,22.735,2.84413634602249,0.1557
587,0,23.045,3.95738923066731,0.1189
588,0,22.62,5.17625590506495,0.1076
589,0,23.445,5.34719282145779,0.1048
590,4.03,23.445,3.43879756341233,0.1076
591,0,20.96,4.32331283922424,0.1076
592,0,22.235,4.23574643981501,0.1048
593,0,23.365,3.91338964115943,0.1133
594,4.59,21.735,2.80559567510942,0.1189
595,0,17.765,5.76418936869436,0.0991
596,0,16.09,6.18282742261088,0.0963
597,0,17.215,6.09984238977118,0.0963
598,0,18.14,5.82326129271711,0.0963
599,0,17.565,5.96761082006889,0.0963
600,0,19,5.13229318815595,0.0963
601,0,16.995,6.33419397416336,0.0963
602,0,19.52,5.73682498025255,0.0963
603,0,18.83,4.79193332597788,0.0934
604,0,18.995,4.83794225187562,0.0963
605,0,20.75,5.17689558326502,0.0963
606,0,22.155,4.93706048811268,0.0934
607,0,22.085,4.21734701819578,0.0934
608,0,22.615,2.75980193297929,0.1557
609,13.65,21.2,1.80108517000381,0.2832
610,20.23,20.18,0.945494219688772,0.2294
611,12.64,20.285,0.76327952786154,0.538
612,8.23,19.6,0.464978792052509,0.2379
613,8.25,18.225,0.731422071225185,0.2237
614,4.36,17.885,0.579379844557169,0.2633
615,0,19.27,1.74509303029426,0.1812
616,0,20.745,2.53562019130148,0.1614
617,0,19.8,1.7798540910853,0.3681
618,12.06,15.785,2.57846967354528,0.3115
619,0,14.925,4.68198100781134,0.1812
620,0,18.005,4.74265063591675,0.1557
621,0,21.8,4.12345008376294,0.1388
622,0,21.545,4.72094794833482,0.1331
623,0,21.825,4.12267119037443,0.1274
624,12.18,21.74,2.43798159296859,0.1812
625,16.24,15.615,1.61139943981472,0.2549
626,2.94,15.44,1.68957458155193,0.1671
627,0,14.4,3.0311044717325,0.1444
628,0,12.795,3.03014022234852,0.1388
629,0,13.645,2.61690499242312,0.1274
630,0,12.845,3.80868480597876,0.1218
631,0,14.16,3.5183618463033,0.1218
632,0,12.315,3.51959211734192,0.1218
633,0,12.125,3.02433179266379,0.1133
634,0,13.2,4.12974578766519,0.1133
635,0,15.98,4.56775661258775,0.1133
636,0,18.45,4.47662827477621,0.1076
637,0,17.33,4.23964922298323,0.1048
638,0,10.165,3.17485190765855,0.1048
639,0,10.44,3.0528887186897,0.1076
640,3.07,12.245,2.18021626219248,0.1133
641,9.99,12.87,2.00101431558485,0.1218
642,1,8.55,1.61348987166052,0.1133
643,0,8.765,2.21560590110127,0.1076
644,0,12.495,2.83561485497851,0.1076
645,0,16.21,3.15025378930183,0.1274
646,7.83,13.635,1.7571611021441,0.1274
647,0,9.57,1.05993000962124,0.1133
648,0,7.935,2.56366379232532,0.1133
649,0,7.13,2.90684627410793,0.1133
650,0,7.94,2.33371010965049,0.1133
651,0,7.82,2.56369860236949,0.1133
652,0,7.7,3.21463789259336,0.1189
653,0,8.265,3.42797575807054,0.1218
654,0,9.98,3.56071759562791,0.1218
655,0,11.23,2.92133786772397,0.1274
656,0,8.43,3.0474674484884,0.1274
657,0,8.75,2.43390347966212,0.1614
658,9.06,7.305,0.923633770037046,0.1671
659,0,4.235,2.11411476032527,0.1331
660,0,8.7,3.18232818023546,0.1331
661,0,11.765,3.3097503783492,0.1331
662,5,12.305,1.77959610207639,0.1614
663,7.8,5.265,1.1744519307545,0.1614
664,0,3.025,1.5821569451194,0.1388
665,9.76,5.61,1.02826064995412,0.2633
666,33.7,13.395,0.955727208807695,2.2087
667,34.06,13.83,1.21049594948313,1.076
668,0,8.24,2.34810996446262,0.5097
669,0,6.695,0.965217373554437,0.3398
670,0,5.58,1.57828001428534,0.2803
671,0,8.015,1.49584719851692,0.2464
672,0,12.395,2.32796603880699,0.2237
673,0,11.805,2.67184782298422,0.201
674,0,9,2.89699069670741,0.1841
675,0,9.76,2.83695700721748,0.1727
676,14.05,9.55,1.35486638030414,0.4248
677,0,6.975,1.10692446142725,0.3398
678,0,7.195,1.51306584304788,0.2747
679,0,7.535,1.52558564877412,0.235
680,2.11,4.35,1.21604535033522,0.235
681,0,3.68,0.77857310633654,0.218
682,0,2.99,1.34823270649686,0.1982
683,0,1.25,1.63490660179626,0.1784
684,0,3.715,1.80233448997555,0.1727
685,0,7.055,1.56835340848658,0.1699
686,0,9.875,1.16653394517416,0.1699
687,0,7.47,0.79329513001571,0.1614
688,0,8.25,0.48150299836087,0.1557
689,0,6.885,1.19243306882429,0.1472
690,6.94,8.025,0.890932748435797,0.1671
691,0,5.605,1.16735465522534,0.1557
692,0,1.795,0.382106263213108,0.1501
693,0,-0.43,0.46448975299317,0.1444
694,0,-2.705,0.665173402802867,0.1444
695,0,-2.75,0.666421813018531,0.1388
696,0,-1.835,0.976899235117271,0.1388
697,0,1.985,1.26243410190159,0.1388
698,0,4.265,1.2176399780356,0.1331
699,0,2.525,0.275143737436502,0.1274
700,0,0.125,0.955010681385008,0.1274
701,9,-0.65,0.558684262187562,0.1671
702,18.95,1.515,0.296768721158689,0.2549
703,0,3.71,0.742794841949827,0.2067
704,0,2.455,0.680994888612929,0.1727
705,1.19,2.79,0.528480135694346,0.1614
706,0,2.065,0.485490760437752,0.1557
707,0,1.825,0.573065927530462,0.1501
708,3.05,3.77,0.618218893540663,0.1727
709,0,0.245,0.89659399253699,0.1557
710,0,-3.19,0.37450674484273,0.1388
711,0,-3.015,0.319415082387251,0.1388
712,0,-1.78,0.453532410066984,0.1388
713,0,-3.35,0.760039043761861,0.1274
714,0,-3.91,0.629381853387178,0.1331
715,10.34,-2.28,0.24739523521328,0.1388
716,7,-0.71,0.235088613547568,0.1444
717,0,-2.73,0.545279809466225,0.1388
718,3.61,-3.16,0.389167705985256,0.1388
719,0,-6.67,0.681371661210436,0.1274
720,0,-7.81,0.436590170113493,0.1218
721,0,-10.22,0.587254466259207,0.1189
722,3,-6.835,0.598288312884539,0.1331
723,2.01,1,0.93056485557663,0.201
724,0,3.725,0.922705831709791,0.2633
725,0,1.135,0.865183274885255,0.2237
726,0,-2.35,1.00160221223511,0.1869
727,0,-1.725,0.63618207808475,0.1926
728,2.43,0.0149999999999999,0.771698282857407,0.1869
729,0,1.255,0.8103915520229,0.1926
730,0,-2.16,0.838774163561766,0.1671
731,0,-2.97,0.802493861762339,0.1557
732,14.5,-0.25,0.568276627261954,0.4531
733,0,-0.915,0.844857362207408,0.3681
734,0,-1.82,0.567664701526747,0.3115
735,26.25,1.205,0.448546477223346,2.3503
736,0,1.875,0.939487628246944,1.3875
737,0,-1.075,0.938479354621061,0.9345
738,0,-0.28,0.546437688449827,0.7646
739,0,-3.18,0.692353695464973,0.623
740,0,-5.795,0.422214892932684,0.538
741,0,-11.77,0.470320378066088,0.3964
742,0,-17.46,0.0109139471219137,0.2549
743,0,-13.78,0.161137004828269,0.218
744,2.28,-9.06,0.332358261812121,0.2152
745,6,-7.12,0.323883338517291,0.2124
746,0,-7.565,0.477867400414691,0.2095
747,2,-9.28,0.74650961879046,0.1812
748,0,-12.945,0.627511666761169,0.1699
749,0,-18.53,0,0.1727
750,0,-12,0.252026299843881,0.1756
751,0,-6.71,0.535422755028568,0.1897
752,5.81,-3.8,0.654238445940886,0.2039
753,1.73,-9.165,0.37989935341837,0.1982
754,30.94,-8.25,0.358384311074455,0.1897
755,10.34,-6.075,0.699024610655437,0.1926
756,0,-11.445,0.38085801206496,0.1869
757,0,-11.26,0.400615114174613,0.1841
758,0,-10.375,0.677071321571372,0.1812
759,0,-8.245,0.954544372584669,0.1869
760,0,-3.745,1.31280701323982,0.1897
761,0,-2.36,1.41426908352844,0.1982
762,7.91,1.31,0.886412816330466,0.3115
763,11.19,2.765,1.43371762945048,1.1044
764,0,-4.455,1.11019912517512,0.6513
765,9.84,-2.55,0.614746358031335,1.3875
766,9.01,1.135,0.62485691002392,1.3875
767,0,-2.385,1.12495838495106,0.8495
768,0,-1.99,1.11238573326367,0.6796
769,0,-6.435,1.19696377867712,0.5663
770,0,-4.235,1.2624533671609,0.5097
771,5.78,-1.545,0.822706177189543,0.5097
772,0,-5.35,1.17308020407317,0.4531
773,0,-6.4,1.08164960078051,0.3964
774,0,-5.205,1.25928439899718,0.3681
775,1.17,-4.015,1.00449903980007,0.3681
776,0,-3.675,1.36813181136052,0.3398
777,0,0.255,2.05703498670031,0.3964
778,2.57,4.365,1.97852535071635,1.699
779,6.21,2.95,1.28134688540231,1.7556
780,9.55,-2.23,0.475419414023985,0.9061
781,7.88,-1.02,0.451614251878854,0.7929
782,3.69,1.71,0.589818046560672,0.8212
783,3,2.8,0.727174300556624,1.3026
784,0,2.075,0.74673759389037,1.784
785,0,2.915,1.5085797183742,2.4636
786,0,3.405,2.32416371257328,1.8123
787,0,-4.51,1.07360729645739,1.161
788,0,-6.595,1.28815711608128,0.9061
789,0,-4.61,1.56552098537556,0.7929
790,0,-3.07,1.85214807750681,0.7929
791,0,-1.26,2.17511940103131,0.8212
792,0,0.615,2.20843433941397,0.7362
793,3.39,-2.42,1.24777709215874,0.6513
794,0,-4.285,1.11147309271409,0.5947
795,6.58,-0.55,1.00178797741419,0.6796
796,0,-0.805,1.66281062252574,0.5947
797,7.88,-1.265,0.585417341674603,0.623
798,9.62,-3.88,1.05447771719059,0.538
799,0,-3.2,1.78436236419039,0.5097
800,0,-3.295,2.15303846913282,0.4814
801,0,-0.495,2.2158159065858,1.0194
802,7.03,7,1.9190568924871,3.0299
803,0,8.775,3.72902436137263,2.6051
804,0,8.975,3.62043254019752,2.322
805,0,6.355,2.74576786856296,1.7556
806,0,3.34,0.872292053971377,1.8689
807,11.16,3.715,1.01717608078966,2.0105
808,0,5.08,1.94319759922888,1.5574
809,0,5.39,1.79809480023604,1.3592
810,0,4.035,1.25370614305496,1.1893
811,0,5.585,1.66379566271241,1.076
812,0,6.645,2.6808138782158,0.9061
813,0,3.24,2.19300281366696,0.7929
814,0,4.885,3.66449425106249,0.7079
815,0,7.19,4.33191529015415,0.6513
816,4.41,6.955,2.95864676245824,0.6796
817,0,-1.49,1.80085035142867,0.5663
818,0,-3.125,1.93280438464502,0.5097
819,0,0.975,3.30983458341675,0.4814
820,0,6.29,4.97627439919153,0.4531
821,3.73,9.87,3.65112928707325,0.5097
822,3.89,11.695,2.85032896010628,0.4814
823,0,9.055,4.37404375084631,0.4248
824,17.7,9.11,2.68177983438684,2.7751
825,25.54,6.005,2.79787733944044,1.8972
826,0,-0.31,1.37702296584346,1.2459
827,16.28,1.11,1.6628784586791,1.2459
828,2.67,-4.6,1.39172269907982,0.9628
829,0,-2.79,1.90070496140962,1.0477
830,6.11,0.11,1.45136491304463,1.0194
831,0,-0.27,1.56320442276608,1.2743
832,0,3.295,2.62821170717976,1.3026
833,0,4.325,3.17644487872947,1.2176
834,0,8.185,3.65936939344909,1.1893
835,0.02,10.48,4.94606683084039,1.0194
836,0,8.63,4.60091293137818,0.8778
837,0,11.28,4.97990670986944,0.7929
838,0,15.525,5.09776312895503,1.161
839,13.05,14.845,4.0926785950974,1.161
840,0,9.59,4.77291837240291,0.8778
841,0,12.325,4.75106722770779,0.8212
842,0,11.89,3.13043717288285,0.7646
843,0,7.77,2.57877637166979,0.6796
844,0,7.07,3.40473786782383,0.6513
845,0,12.445,4.58954017028917,0.5947
846,0,14.18,5.76764289062238,0.5663
847,0,15.825,4.82188889536145,0.6513
848,10.64,12.465,1.38869295287003,0.7079
849,8.09,10.6,2.566386377505,0.7079
850,0,9.005,4.2121202327252,0.5947
851,0,11.305,5.10095619896617,0.5663
852,0,13.415,5.00293080384132,0.5663
853,0,12.92,4.90408270636683,0.538
854,0,13.795,4.97289944903894,0.5097
855,0,13.695,5.20154088477558,0.4531
856,0,13.605,5.39476141699238,0.4531
857,0,15.505,5.88931857511577,0.4248
858,0,18.235,6.69241495346555,0.3964
859,6.12,19.135,4.28037717989206,0.4531
860,6.2,12.075,2.07265684107032,0.3964
861,0,14.44,4.34451265580571,0.3681
862,0,14.155,5.94969495363013,0.3398
863,0,17.5,6.35966840666081,0.3398
864,1.14,20.57,6.02614486469539,0.3115
865,0,19.5,5.29015725520688,0.2832
866,0,16.25,5.98109209381814,0.2832
867,0,17.505,6.04006579243527,0.2747
868,0,19.315,5.7914773586136,0.2662
869,0,20.395,5.21359804772397,0.2662
870,0,21.11,4.26578731369948,0.2633
871,5.6,20.745,2.88184753141647,0.2577
872,0,20.65,3.18128561778311,0.2464
873,3.43,17.17,1.92628732695751,0.3115
874,13.16,11.8,0.780482530680229,0.3398
875,6.04,11.77,0.444842954537492,0.3115
876,2.75,14.015,0.845606694656182,0.2747
877,0,17.275,3.84732393516669,0.2577
878,0,19.235,3.66286194457238,0.2492
879,5.08,19.775,1.56512639759912,0.4814
880,13.83,18.085,1.35880098871191,0.4248
881,5,20.89,2.76651608893944,0.3115
882,0,22.21,3.58737438745107,0.2718
883,17.29,21.48,2.75678958183065,2.4919
884,9.39,18.51,3.40799524442544,1.1327
885,0,16.55,4.0452819795333,1.3875
886,24.1,14.505,0.877912696958787,1.1044
887,12.65,15.1,0.743073319945476,3.5962
888,25.77,14.575,1.12901664838899,2.7467
889,3.83,15.82,1.76090371625178,1.6141
890,0,17.91,4.08623256292294,1.076
891,0,19.1,4.50766279644832,0.8212
892,0,19.93,4.79161581540608,0.8212
893,14.17,16.015,0.856509095036665,0.9345
894,0,15.395,1.85302466456061,0.7646
895,15.2,13.18,1.29166607309076,5.3802
896,20.46,13.575,1.55622177555983,2.9733
897,0,18.205,5.8400664791832,1.7273
898,0,20.905,5.85470165048784,1.6141
899,19.6,21.435,3.75760769406218,1.4158
900,0,18.67,5.3188604113567,0.9345
901,0,19.675,5.65977168197196,0.7929
902,0,17.85,6.1249382966134,0.6796
903,0,18.255,4.91659927578918,0.623
904,0,18.7,5.55744974416173,0.5663
905,0.33,17.675,5.15743068874988,0.538
906,0,15.94,5.37746673481283,0.4531
907,0,17.535,6.04804088951579,0.4248
908,0,20.365,6.27581404261508,0.3964
909,0,21.66,6.22863647070899,0.3681
910,3.52,23.5,4.12208615332101,0.3681
911,7.72,24.055,3.53131707290291,0.3964
912,8.47,21.49,3.09262147388377,0.3681
913,0,18.32,5.50814215635332,0.3115
914,0,17.385,5.96178552890647,0.2832
915,16.93,19,3.47041130032993,0.4814
916,27.84,16.31,2.08342342412477,0.3681
917,0,19.26,3.88212549303587,0.3115
918,0,20.035,4.83917224603798,0.2803
919,0,22.505,5.13182846778881,0.2633
920,6.23,24.71,3.47752761823049,0.2549
921,0,25.095,4.75779433907197,0.2464
922,0,23.52,5.04836859424975,0.2379
923,0,23.845,4.04921189114012,0.2379
924,1.84,23.17,3.2918762945375,0.2379
925,0,22.115,5.46419660911702,0.2152
926,0,23.37,5.63343624356934,0.2152
927,0,24.23,4.75673506909242,0.2067
928,0,24.875,5.06060094021303,0.2152
929,0,25.945,4.96868355341555,0.2067
930,0,26.87,4.57700402275335,0.1926
931,0,26.805,4.54253098840387,0.1926
932,15.41,25.405,3.35651351203966,0.3681
933,0,20.365,5.5817460865903,0.2067
934,0,21.34,5.9641817895077,0.1869
935,0,23.16,5.90669809841848,0.1869
936,0,21.86,5.23896217422689,0.1727
937,0,21.99,6.40550983722755,0.1671
938,0,24.045,6.26452934012246,0.1671
939,7.82,25.29,3.6392901732833,0.1812
940,16.22,23.995,2.61414140288096,0.1812
941,4.96,20.43,3.86580369324718,0.1671
942,0,20.39,4.30974859812877,0.1614
943,0,20.245,2.77832263825092,0.1671
944,10.81,21.76,3.7702812888678,0.1614
945,0,21.57,4.46527279997991,0.1614
946,1.88,21.995,4.54202295891196,0.1614
947,0,22.825,4.28552702318571,0.1614
948,3.28,24.59,3.49440706812895,0.1614
949,0,23.39,5.32811201177422,0.1557
950,0,22.81,3.91300534500439,0.1557
951,0,23.665,2.76091190030405,0.1614
952,12.25,23.86,2.06652767065165,0.3398
953,0,22.555,3.51007948233476,0.3398
954,8,19.425,2.99862161368381,0.2237
955,4.2,14.505,2.15248619476778,0.1614
956,0,16.17,4.55067307071891,0.1274
957,0,17.72,5.29949632660527,0.1218
958,0,19.265,5.78139512454842,0.1133
959,0,20.43,5.77475920252142,0.1133
960,0,21.68,5.57173896525687,0.1218
961,6.91,19.865,4.22034957997291,0.1331
962,0,18.635,5.25343624871486,0.1133
963,0,20.24,4.6440618334459,0.1189
964,4.01,18.755,2.7149536193263,0.1218
965,0,14.185,4.69486024811183,0.1133
966,0,15.355,3.58067463240519,0.1218
967,0,18.55,3.53310729475586,0.1218
968,17.47,21.735,3.34644669451794,0.2832
969,4.51,18.525,4.09616903541051,0.1274
970,0,19.41,4.48345585101923,0.1189
971,0,16.89,3.43444479474616,0.1133
972,0,12.38,5.09539809985732,0.1048
973,0,15.08,4.24799424290751,0.1076
974,0,19.28,4.0123657679615,0.1076
975,0,21.645,3.52048389260564,0.1133
976,4.16,23.095,1.94707031666007,0.1671
977,9.78,21.335,3.32549687307213,0.1557
978,0,15.985,4.27813680257558,0.1133
979,0,15.31,4.68802746033408,0.1133
980,0,17.5,5.20967948087758,0.1076
981,0,18.365,4.20772348783433,0.1076
982,5.56,15.51,0.851180684799529,0.1189
983,0,16.81,1.61223861253099,0.1189
984,0,18.72,4.12961920810645,0.1133
985,0,20.13,4.44179471313977,0.1076
986,0,21.19,4.62789899635426,0.1048
987,0,21.69,4.55334816545103,0.1076
988,0,21.815,4.28493590499631,0.1048
989,0,21.7,3.44100687625757,0.1076
990,3.77,21.05,2.34941971860339,0.1133
991,0,17.365,4.49553029453109,0.0991
992,0,14.675,3.79662559190317,0.1048
993,0,13.425,4.33094771298018,0.0991
994,0,14.26,3.53464951943267,0.1048
995,0,14.735,1.8509385085497,0.1048
996,17.25,14.31,1.10570237438291,0.1444
997,10.83,10.695,0.918305795396905,0.1274
998,0,11.655,2.50471479363574,0.1189
999,0,14.22,3.2259549575073,0.1133
1000,0,14.455,2.80670968621777,0.1189
1001,33.99,14.565,0.956572972326582,0.4248
1002,0,14.805,2.14097134701637,0.1444
1003,0,15.68,2.38868766028418,0.1218
1004,0,16.045,2.6729610468255,0.1133
1005,0,15.28,3.54254873955194,0.1189
1006,0,16.315,3.98991808766211,0.1133
1007,0,14.195,4.12557954026584,0.1076
1008,0,16.47,4.14419134936706,0.1076
1009,0,17.645,3.28948133324745,0.1076
1010,0,17.7,3.04780281051105,0.1076
1011,0,18.99,2.91034699034623,0.1076
1012,0,19.795,2.48296041401443,0.1189
1013,0,18.77,2.89830379609112,0.1076
1014,0,15.575,3.04954327170657,0.1076
1015,0,9.55,1.03824386791556,0.1076
1016,0,11.02,0.849354822730289,0.1076
1017,10.67,12.155,1.01780803209011,0.1812
1018,15.55,9.775,1.0830236523495,0.1557
1019,0,11.15,1.69792906655204,0.1218
1020,3.05,8.53,1.58948937134188,0.1218
1021,0,5.82,1.6712954617519,0.1218
1022,0,4.75,2.46430199854503,0.1218
1023,0,7.485,3.09281657417941,0.1218
1024,0,10.79,3.61848559425487,0.1218
1025,5.72,12.02,2.21529514942335,0.1331
1026,0,6.175,1.60108282449324,0.1218
1027,0,3.08,1.94649541476746,0.1189
1028,0,2.83,1.67951838756674,0.1189
1029,0,4.22,1.55949544184305,0.1274
1030,0,5.5,1.3653364930028,0.1274
1031,0,8.515,2.90860544003246,0.1218
1032,0,8.88,3.0460050791648,0.1218
1033,0,10.395,3.30258878943076,0.1218
1034,0,11.57,3.21939643129432,0.1218
1035,0,14.45,2.660941413496,0.1218
1036,0,16.95,2.33711396727451,0.1218
1037,0,17.835,3.32626581615505,0.1218
1038,0,17.82,2.95970316339499,0.1218
1039,15.97,15.55,1.51635352623207,0.2832
1040,25.02,7.49,1.50906645420623,0.2379
1041,0,2.275,0.77053727633036,0.1501
1042,0,2.57,1.57969160564798,0.1388
1043,0,6.255,2.3923367454583,0.1331
1044,0,9.35,2.3715510594398,0.1274
1045,0,7.91,1.40081012653968,0.1218
1046,0,5.91,1.07309413111874,0.1218
1047,0,9.01,1.348476992341,0.1218
1048,5.05,10.815,1.80157595147277,0.1388
1049,0,1.58,0.747614706820391,0.1218
1050,0,1.33,0.454773281354966,0.1218
1051,0,-1.345,1.06332934108715,0.1189
1052,0,1.25,1.34704128841271,0.1189
1053,0,4.515,1.36032988219338,0.1189
1054,0,6.3,1.08784977201329,0.1189
1055,0,7.755,0.477979729835799,0.1189
1056,3.45,9.075,0.407935745135356,0.1218
1057,9.28,10.83,0.25676852666522,0.1926
1058,9.54,12.205,0.259513840674013,0.2464
1059,0.07,9.91,1.33081358479298,0.1557
1060,0,1.92,1.18312383705098,0.1274
1061,0,2.77,0.972835632990766,0.1218
1062,0,2.81,0.879911175710587,0.1218
1063,0,-2.155,0.750986766739986,0.1727
1064,20.28,0.785,0.502845892809362,0.5663
1065,0,7.07,1.14470714288342,0.2379
1066,0,7.46,1.2355062197612,0.1926
1067,2.06,7.78,0.59416035105492,0.1727
1068,0,10.765,0.499966773092744,0.1614
1069,0,13.82,1.22987424991858,0.1557
1070,0,15.52,1.91307279262504,0.1501
1071,6,14.315,1.03017721213915,0.1416
1072,0,6.7,1.70285474610234,0.1274
1073,0,3.92,1.48216980268457,0.1331
1074,0,2.225,1.44684770504091,0.1274
1075,0,-5.25,0.880607067483495,0.1218
1076,0,-3.65,0.700546170100625,0.1189
1077,0,-2.035,0.734647832385531,0.1133
1078,0,-5.425,0.460872256338141,0.1133
1079,0,-3.985,0.810569050692505,0.1133
1080,0,-0.96,1.14224795417725,0.1133
1081,28.02,4.01,0.918765555330371,0.9061
1082,0,3.305,1.22493024396604,0.3398
1083,0,-4.555,0.845805145450977,0.2549
1084,0,-4.515,0.583908768875643,0.2294
1085,5.42,-1.39,0.247099634080902,0.2152
1086,0,0.515,0.30219014266594,0.201
1087,0,1.025,0.370526207561977,0.1869
1088,2,1.5,0.418659381703731,0.201
1089,3,3.51,0.436838363307359,0.2237
1090,0,6.075,1.27094410766621,0.201
1091,2.23,9.31,1.70247993526284,0.2294
1092,3,5.85,0.962042300848476,0.2633
1093,3.31,5.8,0.629974118044204,0.3115
1094,0,9.05,1.54976870720358,0.2633
1095,0,1.035,0.862398733843479,0.2294
1096,0,-2.005,0.785852965560548,0.2152
1097,0,-1.455,1.16747889929617,0.201
1098,0,0.185,1.21892298800624,0.1926
1099,0,-0.0149999999999999,0.910148886983819,0.1812
1100,0,-2.72,1.13129909853449,0.1614
1101,0,-2.225,0.98203559587876,0.1614
1102,0,-0.78,1.07274616504455,0.1614
1103,0,1.25,1.33556425920056,0.1671
1104,0,3.36,1.23351710889101,0.1557
1105,0,-0.57,0.818792110925556,0.1501
1106,6.7,0.15,0.463637360013961,0.5097
1107,10.98,2.78,0.588229087684384,0.8212
1108,0,1.285,1.12496510825572,0.4531
1109,0,-3.42,0.832580965506639,0.3398
1110,0,-1.835,0.832612329313747,0.3115
1111,5.14,0.495,0.489850499621001,0.2832
1112,5.56,-2.045,0.34190410151345,0.2407
1113,0,-5.835,0.660449987300284,0.2124
1114,0,-6.89,0.531592460639144,0.1841
1115,0,-8.58,0.439329610090745,0.1699
1116,0,-9.275,0.671856520615046,0.1642
1117,0,-7.69,0.935027038665089,0.1557
1118,0,-5.46,1.16372851673397,0.1557
1119,13.88,-3.575,0.654885775410525,0.1557
1120,0,0.975,0.687856988947841,0.1982
1121,0,1.82,0.554117015949982,0.3681
1122,0,1.19,0.63573841947519,0.3398
1123,0,-0.3,0.377527945306865,0.3115
1124,0,-0.875,0.684478007830377,0.2832
1125,0,-1.505,1.48221658702839,0.2832
1126,4.22,-0.185,1.17650282656694,0.269
1127,0,1.45,0.829720256278841,0.269
1128,0,0.765,1.1468213639657,0.2718
1129,15.42,2.685,1.28435983062344,2.237
1130,29.89,5.94,1.56039354979437,3.483
1131,0,0.125,1.65694065135155,1.4442
1132,0,-5.045,0.819828729605256,0.8495
1133,0,-3.795,0.69156496213488,0.6796
1134,3.49,-3.08,0.537227413644564,0.623
1135,0,-1.21,0.756727285427316,0.4814
1136,0,-2.375,0.872028915909204,0.3964
1137,0,-5.825,1.33582878620683,0.2832
1138,12.28,-7.145,0.602251159456376,0.2549
1139,29.92,-9,0.42397216690108,0.2407
1140,0,-8.555,1.38109820947783,0.2322
1141,0,-6.24,1.72309918609701,0.2265
1142,0,-3.755,2.00200934342141,0.2265
1143,0,0.965,1.65921420865538,0.2265
1144,0,2.33,1.31797724464254,0.2265
1145,0,3.515,1.75117480730284,0.2265
1146,0,2.355,2.34941180127361,0.2549
1147,0,2,2.54148208767541,0.3115
1148,0,3.53,2.91871818573639,0.4814
1149,0,5.755,3.28302324433324,0.5947
1150,0,5.46,2.58805305714408,0.7079
1151,0,3.65,2.27220027430038,0.7646
1152,0,1.525,1.36663888403525,0.6796
1153,0,-1.715,1.36278487865994,0.5663
1154,0,-1.75,1.76783440353383,0.5097
1155,0,1.5,2.86459672949705,0.4814
1156,0,3.465,2.808411920125,0.4531
1157,0.14,6.98,2.51800381826048,0.4248
1158,0,9.485,2.93138920474338,0.3681
1159,0,10,4.06805658856457,0.3398
1160,0,11.34,4.29967587917309,0.3115
1161,6.76,8.41,1.93700321010202,0.3115
1162,6.78,6.94,0.964728894681651,0.4814
1163,7.22,6.435,1.27260068829383,0.5097
1164,6.87,3.555,0.202011286927156,0.8212
1165,5.32,4.55,0.314992817428331,1.3026
1166,0,4.02,0.659535440933641,1.076
1167,0,2.855,0.858382707586634,0.8495
1168,0,3.28,1.91485661600636,0.7079
1169,0,6.255,3.47607394237075,0.623
1170,0,7.58,3.72807584925347,0.538
1171,0,5.98,3.98771918004866,0.4531
1172,0,5.075,2.93839198752384,0.4248
1173,4.71,4.965,0.891876283047227,1.1327
1174,21.34,8.945,1.30163681334606,5.7766
1175,0.83,8.21,2.35699394505044,2.4919
1176,10.09,6.44,1.38068344454594,4.644
1177,0,2.06,2.35206251536741,2.6335
1178,0,-2.035,1.05717890636009,1.6424
1179,0,-2.515,1.91742488914044,1.2176
1180,0,-2.11,2.31968071318846,0.9628
1181,0,-0.135000000000001,3.15717162066806,0.7929
1182,21.68,1.975,2.16972205385717,2.1521
1183,0,2.635,1.40618178255685,2.7467
1184,0,3.885,1.55009304189045,1.8123
1185,0,0.385,2.64728149144885,1.3309
1186,0,1.25,2.29531974081245,1.1044
1187,0,3.37,2.8338301710794,0.9061
1188,0,6.5,3.56589951453667,1.076
1189,18.3,7.58,1.87751946670802,3.7945
1190,0,7.94,1.91666948187852,1.699
1191,0,7.71,2.73895180475042,1.2743
1192,0,9.2,2.94946162832558,1.076
1193,6.5,9.425,1.08947603918373,1.1327
1194,13,10.365,0.589357620417772,1.3592
1195,14.94,8.56,1.13643799312247,1.3592
1196,26.36,6.58,1.37400651426471,4.1343
1197,3.2,6.56,1.58747376551838,2.8883
1198,0,6.895,2.20039975002687,1.8689
1199,0,5.615,3.58298151719523,1.4158
1200,0,8.07,3.27495405630799,1.1893
1201,15.7,8.965,1.70527404770154,5.3802
1202,31.11,6.43,1.85004436873649,3.6529
1203,0,3.325,2.87776051416552,2.2087
1204,0,3.76,2.31352103032505,1.6424
1205,0,1.58,1.90834391918597,1.3592
1206,0,1.49,1.26487317903849,1.1044
1207,0,3.75,2.01520126997709,0.8778
1208,0,8.625,3.85852239576244,0.7929
1209,0,10.655,4.82993645910604,0.7929
1210,22.59,12.345,3.52016545867719,5.8333
1211,19.68,5.295,0.881837831111399,3.0016
1212,0.5,6.33,1.77318512535132,1.8972
1213,0,14.41,5.80597752277916,1.4442
1214,0,18.315,6.35968518954092,1.1893
1215,0,19.935,5.81049031702653,1.1044
1216,8.99,18.46,2.80004175273563,0.9911
1217,7.76,19.01,2.83570536533792,0.9911
1218,6.85,18.98,2.51006189159463,1.4158
1219,8.46,18.57,2.69706024827585,1.2743
1220,7.97,15.12,2.68180235044468,1.1893
1221,0,10.315,3.61715452236465,0.9345
1222,0,9.79,4.99631750999822,0.7929
1223,0,13.335,5.42752259534984,0.7362
1224,0,15.055,4.9503739239215,0.8778
1225,10.07,9.195,2.67970913605924,0.6796
1226,0,7.53,4.06606876706494,0.5947
1227,0,10.045,5.00939757541488,0.538
1228,0,12.375,5.56735790546881,0.5097
1229,0,12.945,5.63564360975443,0.5097
1230,0,15.335,5.54463005904303,0.4814
1231,7.98,18.145,3.52508742930477,0.538
1232,5.56,13.25,2.91936087487917,0.8212
1233,19.44,5.83,2.25736591581983,0.5947
1234,0,9.325,4.59144133354002,0.538
1235,0,11.965,3.51320184598382,0.5663
1236,22.25,14.95,1.46833976316129,0.6513
1237,0,17.77,3.42418252835639,0.5097
1238,18.12,15.175,1.61355982267916,2.7184
1239,25.5,15.735,1.61039879483359,2.0954
1240,0.01,16.595,5.0469610667659,1.2743
1241,0,13.21,4.82985370174811,0.9345
1242,0,14.79,4.72528992736986,0.7362
1243,0,12.39,4.75526663382333,0.623
1244,0,11.165,4.64314268907411,0.5663
1245,8.22,13.12,2.81949784806385,0.623
1246,2.36,16.8,2.44187414627936,0.5097
1247,0.08,17.53,3.83952540956387,0.4814
1248,0.03,13.68,3.49266361997816,0.4531
1249,0,13.3,3.96980831752049,0.4248
1250,0,15.575,4.33579603099754,0.4248
1251,14.73,17.48,2.77346704372665,0.4814
1252,3.92,17.825,3.41775428778124,0.3964
1253,0,20.135,4.97366587957339,0.4248
1254,7.88,20.2,3.35036940307523,0.4248
1255,0,17.34,4.35982628163334,0.3681
1256,0,15.225,5.81148612134538,0.3398
1257,0,16.62,5.22258595044953,0.3398
1258,0,19.945,5.87038502525494,0.3398
1259,0,22.035,6.49178805037351,0.3115
1260,0,23.565,5.94449485197059,0.3115
1261,0,23.565,5.93579435694527,0.2832
1262,0,23.87,5.84435663218256,0.2803
1263,0,24.275,5.7175546409912,0.2718
1264,5.67,23.87,4.44077685384244,0.2549
1265,11.76,23.185,3.83073580295844,0.2549
1266,7.69,21.84,2.57640041122973,0.2803
1267,18.29,20.99,1.91232031480465,0.3681
1268,24.3,18.695,1.96896118183358,0.3681
1269,0,18.415,4.47414200057074,0.2803
1270,0,20.41,6.11223248707445,0.2549
1271,0,22.5,5.70945509586369,0.2379
1272,0,22.215,6.23214710400288,0.2379
1273,0,18.725,6.65510358300227,0.2237
1274,0,21.705,6.60182021216058,0.2152
1275,0,24.275,5.59589260908559,0.2633
1276,24.54,20.305,2.99876162215943,0.3115
1277,0,18.995,3.94502007622093,0.2294
1278,0,20.5,3.38634319791177,0.2152
1279,0,24.285,4.22286700023097,0.2152
1280,0,26,5.00856442406425,0.1926
1281,0,26.445,4.91754490751235,0.1926
1282,0,25,4.47586609811144,0.1926
1283,0,20.195,3.51344380965591,0.1869
1284,0,15.94,5.07019344926628,0.1812
1285,0,18.645,5.5982492450152,0.1727
1286,0,20.55,5.84859503232229,0.1727
1287,0,18.795,5.83428214795,0.1671
1288,0,19.245,5.85443729078079,0.1671
1289,0,21.675,6.36351273964576,0.1671
1290,0,24.41,6.3018016103279,0.1614
1291,0,23.475,6.50266697255813,0.2237
1292,0,25.29,6.00635841686806,0.3681
1293,0,28.015,5.46590328687012,0.3964
1294,0,27.885,4.94348340401472,0.3964
1295,0,26.95,4.91659868348701,0.3964
1296,0,25.79,4.69633546346859,0.3964
1297,0,24.845,4.6588664611192,0.3964
1298,7.37,24.87,4.26971132172322,0.3115
1299,0,22.99,5.81927093503996,0.1331
1300,0,20.33,6.30933256259243,0.1274
1301,14.74,21.97,3.72717590539296,0.1727
1302,0,22.05,5.41519101995251,0.1274
1303,0,21.015,5.3178134237641,0.1274
1304,0,22.39,6.12609970835252,0.1218
1305,0,23.7,6.03816129005469,0.1189
1306,0,25.5,5.59388684734821,0.1189
1307,0,26.315,4.58084176284726,0.1133
1308,0,26.435,5.48864401647174,0.1133
1309,0,25.635,5.19082715502752,0.1388
1310,20.94,23.645,3.82291477064115,0.1388
1311,0,23.25,5.13645834482011,0.1218
1312,0,24.38,5.01259355029174,0.1218
1313,2.6,24.26,3.31305000121673,0.3115
1314,0,24.36,4.03225775559905,0.1133
1315,0,24.64,4.39244830514752,0.0991
1316,0,25.705,5.24734530733155,0.0963
1317,0,25.115,5.53570749682558,0.0963
1318,0,22.66,5.91463045419367,0.0934
1319,0,22.395,3.94147911779495,0.0991
1320,11.3,20.825,1.91716676622459,0.0991
1321,0,16.62,2.24777688745779,0.0963
1322,0,15.935,4.44699694475927,0.0934
1323,0,17.56,5.25134343139464,0.0934
1324,0,20.005,5.74809485050976,0.0934
1325,0,22.18,5.74174480380342,0.0934
1326,7.94,23.635,3.44896796875389,0.0963
1327,0,24.34,4.38691106621914,0.0934
1328,0,25.675,5.95375210323477,0.0878
1329,0,24.5,7.14370245762307,0.0878
1330,0,23.435,6.31417002262542,0.0878
1331,0,24.81,6.31250762851056,0.0878
1332,0,22.235,4.16205424701079,0.0878
1333,0,22.74,4.51418133307904,0.0878
1334,0,23.12,5.20924202102334,0.0878
1335,0,24.625,5.19986215836941,0.0878
1336,6.87,24.85,3.58509622326896,0.0878
1337,28.07,24.015,3.25589622874225,0.0878
1338,7.76,23.095,3.74098076331236,0.0878
1339,7.63,23.445,3.46860128326659,0.0934
1340,0,20.11,4.14777828095504,0.0934
1341,0,19.17,4.55016186525319,0.0878
1342,0,21.14,5.00938710494075,0.0878
1343,0,21.97,4.79886994080869,0.0878
1344,0,23.01,3.75507629801913,0.0878
1345,0,24.975,4.20199583258422,0.0878
1346,0,25.5,4.72076745289483,0.0878
1347,0,20.825,5.83412576428849,0.0878
1348,0,20.165,5.63427879975226,0.0878
1349,0,22.975,6.33373293305483,0.0878
1350,0,25.75,5.86413082218484,0.0878
1351,0,24.45,5.02824335181957,0.0963
1352,6.32,18.295,2.02667295734413,0.0991
1353,3.16,13.765,1.82898247470786,0.0963
1354,0,13.6,4.08834702488626,0.0934
1355,0,13.325,3.61686726307925,0.0934
1356,0,15.375,3.04426042492164,0.0963
1357,0,16.735,4.72267620846302,0.0963
1358,0,20.705,5.25150202567288,0.0934
1359,0,22.98,5.3830386039217,0.0934
1360,22.88,21.1,3.6824045287947,0.1189
1361,0,12.53,3.13639761511928,0.0991
1362,0,9.14,2.72260116214274,0.0934
1363,0,9.16,3.18996251354908,0.0878
1364,0,9.995,3.62887642380527,0.0878
1365,0,11.46,3.74072117004885,0.0934
1366,0,14.2,3.73052742754638,0.0934
1367,0,16.365,4.12315195148483,0.0934
1368,0,14.1,3.94789112730329,0.0934
1369,9.09,12.675,2.33188228360657,0.0991
1370,6.12,13.18,1.1524266864995,0.0963
1371,0,16.475,1.96747980259753,0.0906
1372,0,17.015,3.66076149528962,0.0878
1373,0,18.235,3.78623476499352,0.0878
1374,0,18.76,3.23018467813434,0.085
1375,0,16.7,3.07432657495474,0.0793
1376,0,13.305,3.54515794933985,0.0765
1377,0,13.025,3.59214341547314,0.0793
1378,0,14.45,3.70686629745379,0.0821
1379,0,12,1.70489366424566,0.0821
1380,0,10.025,1.43480390861927,0.085
1381,12.83,13.105,1.22655247431975,0.1926
1382,20.6,17.105,1.18152223869783,0.1416
1383,33.53,13.555,2.61243730854084,0.2124
1384,0,10.965,2.48455290298836,0.0934
1385,0,10.565,3.06858633336024,0.0821
1386,0,10.765,2.68933650620539,0.0821
1387,0,11.95,1.95682034451956,0.0963
1388,28.24,10.54,1.00750927250027,0.3115
1389,0,9.025,1.21485368800637,0.1246
1390,0,6.35,1.23138628056771,0.1019
1391,0,5.49,1.92112626751163,0.0963
1392,13.13,6.36,1.04597230971352,0.3398
1393,17.72,9.61,0.622504773843115,0.2633
1394,4.15,9.21,0.713996751794992,0.1756
1395,3.1,6.96,0.519782957035578,0.1642
1396,0,7.005,1.17546691866573,0.1388
1397,0,7.92,1.96464409500613,0.1246
1398,0,11.565,3.3948165095693,0.1161
1399,0,3.785,2.21151433035522,0.1133
1400,0,3.395,2.14107755154467,0.1161
1401,0,5.73,2.26340939942049,0.1161
1402,0,8.565,2.42073672371903,0.1133
1403,2.44,11.075,2.02063230109374,0.1246
1404,0,7.665,2.36151495383076,0.1274
1405,0,1.4,0.537278891461735,0.1161
1406,2.08,2.115,0.863880992048424,0.1133
1407,0,5.51,1.20201159442585,0.1076
1408,0,6.61,1.78992649239489,0.1076
1409,0,8.3,2.61037289944604,0.1076
1410,0,8.16,2.17656690140003,0.3398
1411,22.04,7.155,0.810515817623689,0.5097
1412,3.88,2.48,0.630427750389289,0.2577
1413,0,-0.445,0.995167909217609,0.1841
1414,0,0.785,1.14368995954299,0.1557
1415,0,2.02,1.05844190865942,0.2832
1416,11.79,2.99,0.351371027448544,0.3681
1417,0,3.485,0.550506215804937,0.2265
1418,0,3.585,0.803819491157537,0.1812
1419,0,6.8,1.28936785554293,0.1642
1420,0,7.94,1.80522787128754,0.2379
1421,23.82,8.975,1.21342143187793,0.7362
1422,0,10.23,1.84771612701567,0.3115
1423,0,10.485,1.73004355525398,0.2549
1424,10.41,8.57,0.643293111649108,0.3115
1425,14.09,3.975,0.956660897859928,0.9911
1426,0,5.12,1.37591828224701,0.5097
1427,0.99,7.415,1.53291879010335,0.3681
1428,11.59,6.84,0.822867632561329,0.7079
1429,7.5,5.245,0.49695351290226,0.8212
1430,0,2.3,0.719177300890393,0.538
1431,0,1.005,0.813172117080027,0.4248
1432,4.64,-2.93,0.557421036521326,0.3398
1433,3.86,-1.4,0.517119595259718,0.3398
1434,11.81,-0.155,0.502556336944977,0.8778
1435,3.83,2.34,0.427327019382711,0.7079
1436,14.46,4.675,0.391622084169866,1.0477
1437,0,2.26,0.943378769728161,1.161
1438,0,-1.55,0.45817202941056,0.7362
1439,0,-0.54,0.551017994537686,0.5947
1440,0,1.89,0.799401714985041,0.4814
1441,0,2.14,0.888192654802144,0.3964
1442,12.31,2.91,0.375137580340728,1.0194
1443,32.11,4.915,0.319683494492637,7.3624
1444,33.95,5.8,0.406956041777235,3.6246
1445,0,7.035,0.881195640888054,1.8123
1446,0,3.94,1.1613887727752,1.2176
1447,0,-0.765,0.812501442553193,0.9345
1448,0,-3.67,0.726044944569466,0.7646
1449,0,-4.345,0.545531885577587,0.6513
1450,0,-8.74,0.436731753652628,0.538
1451,21.97,-9.785,0.363890581549594,0.4531
1452,20.17,-4.825,0.792690762222325,0.9061
1453,5.59,-4.805,0.806826349644265,0.4814
1454,2.21,-10.14,0.421162647660339,0.4531
1455,0,-16.085,0.117685525804473,0.4248
1456,0,-16.455,0.0696222075489133,0.3964
1457,2.09,-12.115,0.380018767069809,0.3681
1458,14.62,-5.825,0.496787996620082,0.3681
1459,0,-2.665,0.846926517784631,0.3398
1460,0,-9.635,0.541573556787802,0.3115
1461,0,-10.8,0.436614883380084,0.2832
